step,object,x,y,zoom,page,question,answer,layer1_button,layer1_content,layer2_button,layer2_content
1,prompt_structure,0.7145858272166322,0.4980831841975551,0.9,,Let's decode the  assignment,"Step 1. Read the entire assignment first
Step 2. Identify the purpose for each section of the assignment




",Learn more,write-review-critical-read-the.md,,
2,prompt_structure,0.4828820892192844,0.2987531818106694,2.0736,,Logistics,"Figure out the due date, and check in with the student on when they will begin working on the assignment

Guiding questions:
How long do you think you will need to draft this assignment?

Describe your writing process, do you like to write a draft and then come back to it?

Do you have other assignmetns that are due  the same week?",,,,
3,prompt_structure,0.5799784011469266,0.4410167981329876,2.4943662795644053,,"Purpose & Overview ","What is the goal of the course?

How will this assignment connect to the other work the student is doing?
",,,,
4,prompt_structure,0.5863791534025117,0.7092068680468764,2.48195649707901,,Assignment,What do you need to respond to the questions for each paragraph?,,,,